{
  "eval_score": -0.07640557175918132,
  "task1_mean_r": 0.21247605614135182,
  "task2_mean_r": 0.2502378003402856,
  "n_subjects": 120.0,
  "n_visits": 240.0,
  "n_longitudinal_pairs": 120.0
}