{
  "eval_score": -0.07738298958887797,
  "task1_mean_r": 0.21052481236230217,
  "task2_mean_r": 0.2502342084599419,
  "n_subjects": 120.0,
  "n_visits": 240.0,
  "n_longitudinal_pairs": 120.0
}